fecha,local,visitante,p_local,p_empate,p_visita,pick,marcador,lam_local,lam_visita
2026-07-21,Cruz Azul,Puebla,0.6926,0.2269,0.0806,Cruz Azul,1-0,1.825,0.48
2026-07-21,Toluca,Pumas,0.7534,0.1747,0.0719,Toluca,2-0,2.358,0.62
2026-07-24,Tigres,Atlético San Luis,0.4839,0.2935,0.2225,Tigres,1-1,1.459,0.905
2026-07-24,Tijuana,León,0.5466,0.2368,0.2165,Tijuana,1-1,2.0,1.202
2026-07-24,Atlante,América,0.1108,0.3276,0.5617,América,0-1,0.4,1.219
2026-07-25,Chivas,Juárez,0.4849,0.3655,0.1496,Chivas,0-0,1.045,0.467
2026-07-25,Santos,Atlas,0.3238,0.2713,0.4049,Atlas,1-1,1.355,1.543
2026-07-26,Necaxa,Monterrey,0.3549,0.2694,0.3757,Monterrey,1-1,1.475,1.521
2026-07-26,Pachuca,Querétaro,0.6474,0.247,0.1055,Pachuca,1-0,1.712,0.553
